221|plomb
213|eau
200|cire
197|or
196|sable
189|huile
149|argent
137|fer
119|metal
104|estain
102|cuivre
90|terre
79|papier
77|verre
77|plastre
70|estaim
66|eau de vye
60|pouldre
54|boys
54|ardille
52|letton
48|vinaigre
45|vernis
45|charbon
43|bois
42|mabre
41|fil de fer
40|sel armoniac
37|os
35|ceruse
34|cendre
34|alum de plume
33|laque
33|brique
31|vin
31|cuir
31|colle
31|blanc de plomb
30|sable destrempe
30|pierre
29|eau chaulde
28|soufre
28|destrempe
28|crocum
27|souldure
27|salpestre
26|tourmentine
26|crasse
25|urine
25|linge
25|charbons
23|azur
23|acier
22|sucre
22|porphire
22|minium
22|cendres
21|rousine
21|rosette
21|cire fondue
20|☿
19|toile
19|sel
19|huile de noix
19|farine
19|eau fort
18|huile de froment
18|estaim de glace
18|Sable
17|verdet
17|soye
17|sables
17|metaulx
17|huile daspic
17|estaing
17|estaim fin
17|cotton
16|mastic
16|azur desmail
15|suif
15|massicot
15|fumee
15|eau claire
15|croye
15|bronze
14|eau de sel armoniac
14|calamine
14|alum
13|verny
13|paille
13|huiler
13|gomme
13|eau froide
13|argent vif
12|velours
12|sanguine
12|cuivre rouge
12|borras
12|bled
12|beurre
12|ancre
11|vin blanc
11|vermeillon
11|verdegris
11|tartre
11|soulder
11|pierres
11|orpiment
11|glaire
11|estain de glace
11|dorer
11|corne
11|ambre
11|Vernis
10|tripoly
10|pain
10|os de seiche
10|ordure
10|or mat
10|luter
10|glaire dœuf
10|estain fin
10|esmail
10|crocum ferri
10|bon vinaigre
9|vif argent
9|sublime
9|plomb fin
9|paste
9|lute
9|limaille
9|huile dolif
9|huile de soufre
9|huile de lin
9|cire blanche
9|carton
9|ardoise
8|verre pile
8|vernis de tourmentine
8|soulde
8|sel commun
8|or bruny
8|mine
8|miel
8|luth
8|huile de tourmentine
8|fume
8|feultre
8|colle forte
8|beurre fondu
8|arsenic
8|arene
8|Plastre
7|œuf
7|vinaigre distille
7|toile ciree
7|taincture
7|son
7|potee
7|or fin
7|marbre
7|jaulne dœuf
7|huilee
7|fiens
7|eau sel
7|eau gommee
7|colle de poisson
7|charbon de saule
7|buys
7|bourre
7|bistre
7|albastre
6|☾
6|savon
6|sang de dragon
6|salive
6|ocre jaulne
6|musc
6|mache de fer
6|laicton
6|huille daspic
6|huiles
6|grais
6|gomme dragant
6|estain doulx
6|eau commune
6|drogues
6|dore
6|cuivre fin
6|ciment
6|chaulx vive
6|bol
6|argent fondu
6|ardile
6|antimoyne
6|amydon
6|alung
6|Sel armoniac
5|verre de plat
5|tormentine
5|terre grasse
5|taffetas
5|scudegrun
5|safran
5|ruby
5|potin
5|poix
5|poil
5|plombe
5|parchemin
5|noir descaille
5|noir de lampe
5|noir a noircir
5|lutte
5|lessive
5|laitton
5|huile gras
5|fer blanc
5|esmailler
5|eaulx
5|diamant
5|couleur
5|caillous
5|blanchiment
5|aspic
5|antimoine
5|Crocum ferri
4|œufs
4|☼
4|vin bouilly avecq racine dorme
4|vert de gris
4|tuile
4|souffre
4|sels
4|saphir
4|sandaraque
4|sable de mine
4|poils
4|plume
4|plomb doux
4|peau
4|papier blanc
4|os brusle
4|ocre
4|metallique
4|mercure
4|magistra
4|luthe
4|huille
4|grands metaulx
4|graisse
4|fumer
4|fument
4|fumee de lampe
4|fort bon vinaigre
4|filet
4|fil de letton
4|fil
4|fiente de cheval
4|fient
4|feultre brusle
4|esmeraulde
4|esmaulx
4|esmail dazur
4|escaille de fer
4|eau tiede
4|eau de savon
4|cuyvre
4|coller
4|cire noire
4|carte
4|briques
4|bonne eau de vye
4|argenter
4|Lute
3|vitriol
3|viande
3|vernys
3|verd de gris
3|topasse
3|toille
3|terre bruslee
3|terra merita
3|taindre
3|stuc
3|spat
3|soufre fondu
3|saphirs
3|sang
3|sable maigre
3|sable gras
3|rubis
3|rouille
3|pouldre dharquebus
3|ponce
3|poil de cheval
3|plomb pur
3|pastel
3|papier huile
3|pailles
3|ordures
3|or en fœille
3|or bel
3|ocre de ru
3|noir de charbon
3|mortier sec
3|miel rosat
3|metal fondu
3|matiere de pœlonne
3|mastic pulverise
3|linge brusle
3|limaille despingle
3|liege
3|larme de mastic
3|laque de florence
3|laict de figuier
3|jaspe
3|huilent
3|grosse toile
3|gros sel
3|grain
3|glaire dœuf battue
3|fœille dor
3|fumera
3|fort vinaigre
3|foing
3|floree
3|fisselle
3|estaim commun
3|esmery
3|eau de riviere
3|doreure
3|cristallin
3|cristal
3|colle bien clere
3|cire noire soufree
3|cire a esbaucher
3|christal
3|charbon pulverise
3|charbon allume
3|chair
3|cendres chauldes
3|bullitoyre
3|bresil
3|blanc
3|aulx
3|asur
3|argentees
3|argent bas
3|alung de glace
3|albastre calcine
3|air
3|aes ustum
3|Verdegris
3|Stuc
3|Scudegrun
3|Plomb
3|Or
3|Luth
3|Lutes
3|Huile de froment
3|Huile
3|Estaing
3|Estaim
3|Esmailler
3|Cire
3|Azur
3|Aes ustum
3|
2|♀
2|yvoire
2|vinaigre bien fort
2|vieulx K
2|vert de terre
2|verre fondu
2|verre de lorraine
2|vernis noir
2|vernis dhuile daspic
2|vernis de flandres
2|vernis daspic
2|vernice
2|vermilhon
2|vermeilles
2|verd de vessie
2|verd de Gris
2|urine chaulde
2|tuthie præparee
2|tuf
2|tourmentine fine
2|tourmentine de venise
2|tourmentine commune
2|tondure
2|toille babtiste
2|terres
2|terre fresche &amp; humide
2|terre dombre
2|terre chimolee
2|tartre pulverise
2|table de verre
2|suye
2|suin de verre
2|sucre candy
2|suc dail
2|souldent
2|souffre vif
2|soubdure
2|sol
2|selpestre
2|sel mineral
2|sel gemme
2|sel de verre
2|sel blanc
2|sel alchali
2|sayettes de pourceau
2|saulmure
2|satin
2|sandrax
2|salicor
2|salee
2|sables maigres
2|sables artificiels
2|sable subtil
2|sable dos
2|rue
2|rouge clair
2|rosmarin
2|rosette fine
2|rocaille
2|resine
2|regulus
2|pur aspalte
2|poulssiere
2|poulsiere
2|pouldre de canon
2|pouldre a canon
2|poix noire
2|poils de barbe de rat
2|plombee
2|platene de liege
2|plastre blanc
2|planches de cuivre
2|pierreries
2|pierre ponce calcinee
2|pierre ponce
2|pierre de touche
2|pierre de fouldre
2|pierre blanche
2|perles
2|pelure de figuier
2|peau de chien
2|pate
2|pappier
2|papier enflamme
2|osier
2|os de pied de bœuf
2|or de fœille
2|or de feuille
2|or couleur
2|or allie
2|oignons
2|noir a huile
2|noir
2|mœlle
2|moustarde claire
2|moustarde
2|mortier
2|mines
2|mine de plomb
2|mine dangleterre
2|millas
2|mie de pain
2|metalline
2|metal fin
2|metail
2|lutter
2|luth commun
2|litharge
2|limaille de fer
2|limaille dargent
2|limaille daiguilles
2|limailhe de cuyvre
2|lexive
2|lettre
2|letton fondu
2|letton fin
2|leton
2|laveures
2|laque platte de venise
2|lames de fer
2|lame de plomb
2|laine
2|laict
2|lacque
2|jaulnes dœufs
2|jaulne
2|huille petrolle
2|huille de lin
2|huile de noix ou de lin
2|huile de girofle
2|huile de fromant
2|graine de coings
2|gomme armoniac
2|geyct
2|gectons dallemaigne
2|fœultre
2|fœilles de pierrerie
2|fœille
2|fumier
2|fumee de chandelle
2|foin
2|fil darchal
2|fiente de pigeon
2|fient de cheval
2|fiens de cheval
2|festus
2|fer fort
2|fer fondu
2|fer doux
2|fer doulx
2|fer douls
2|felin
2|estame
2|estaing de Glace
2|estain rouge
2|estaim fin &amp; doulx
2|estaim doulx
2|estaim aigre
2|esmerauldes
2|esmaille
2|esmail rouge
2|enilanroc
2|encire
2|electre
2|eaue claire
2|eau de Riviere
2|eau dalum
2|eau bouillante
2|duvet
2|draps
2|dorees
2|cuyr
2|cuir blanc
2|croye broyee
2|croye blanche
2|crespe
2|cornaline
2|corde despinette
2|coral
2|colle de retailles
2|colle de destrempe
2|colle de bouche
2|colle bien claire
2|colle a destrempe
2|cole
2|cocon
2|civette
2|cirop
2|cinabre
2|chimolee
2|chaulx
2|chault
2|charbon commun
2|chandelle de rousine
2|chandelle
2|cendre dazur
2|cendre chaulde
2|cartons
2|calamine fresche
2|cailloux
2|caillou blanc calcine
2|caillou
2|bœurre
2|brique pilee
2|bourras
2|bon vin
2|bon plastre
2|bois dous
2|bois de buy
2|bled orbere
2|betjoin
2|beril
2|batture
2|azurs
2|azur dacre
2|axunge de verre
2|aspalte
2|argent allie
2|ardoise calcinee
2|ardille molle
2|ardille fresche
2|ancre bien gommee
2|agathe
2|Vernis noir
2|Topasse
2|Saphir
2|Sang de dragon
2|Sable de mine de Thoulouse
2|Letton
2|Laque
2|Goume
2|Gaulme
2|Fil de fer
2|Esmail
2|Eau magistra
2|Eau fort
2|Eau de vye
2|Crocum
2|Colle de poisson
2|Cire fort dure
2|Cire blanche
2|Carton
2|Bronze
2|Borras
2|Blanc de plomb
2|Argenter
2|Argent
2|Ambre
1|œufs partis les par moictie &amp; oste le jaulne &amp; entre les deulx moicties du blanc
1|œufs frais dun corbeau
1|œufs de poule
1|☿ sublime de venise
1|☉ plus fin que laultre
1|♁ fondu
1|☉
1|☀
1|zedoaire
1|voyrre
1|vittres antiques
1|vitriol de salpestre
1|vitriol calcine
1|vitre de couleur
1|vitf aiantargent
1|vis
1|vini spiritum
1|vinette
1|vinete
1|vinaigre Blanc
1|vinagre
1|vin trempe suffisamment
1|vin pur
1|vin fort trempe
1|vin escumant
1|vin douls nouveau
1|vin boully avecq racine dorme
1|vin bouilly avecq de la racine dorme
1|vieulx seps de vigne
1|vieulx fers de cheval
1|vieulx cuir
1|vieulx chauldron
1|vielles escailles ou lames de fer
1|vieilles lettres des imprimeurs
1|vetro
1|vetjoin aussi Grossement pille
1|vessie de porc
1|vesse
1|vert de vessie
1|vert de Gris
1|vert dazur
1|vers de farine
1|verres
1|verre pille
1|verre p calcine pulverise
1|verre net
1|verre grossierement pillement pille
1|verre grossierement pile
1|verre espes
1|verre dore
1|verre de vitre de lorraine
1|verre de plomb
1|verre de bien
1|verre blanc
1|vernys pers
1|vernys Rouge
1|vernys Jaulne
1|vernist
1|vernis pur daspic
1|vernis de tourmentine ou daspic
1|vernis de tourmentine &amp; non de aspic
1|vernis de sandarache huile daspic et un peu de mastic
1|vernis de mastic
1|vernis de lin
1|vernis commun
1|vernis clair de tourmentine
1|vernis blanc de tourmentine ou dhuille daspic et de tourmentine
1|vernis blanc
1|vernir noir
1|vernir
1|vernilhon
1|vermillon
1|vermicularis
1|vermeillon broye
1|verjus
1|verd de terre
1|verd de Grys
1|verd
1|ver de farine vif
1|vase
1|vapeur deau fort
1|usblac
1|urine vieilhe
1|urine distillee
1|unguent
1|uille daspic
1|tuyau de plume
1|tuyau
1|tuilles
1|tuiles pilees
1|tuile peu cuitte broyee
1|tripoly subtillement pulverise
1|tripoly de bretaigne
1|tripoly Moulee
1|tripoli de venise
1|tripoli de bretaigne
1|tripoli
1|trbois
1|tourtelle de terre
1|tourtelle de cire
1|tourmentine clere
1|tourmentine claire de venise
1|tourmentine claire
1|tourmentine ce soict ou fine ou grossiere
1|tourmentine bien bonne
1|tormentine de verinse venise
1|tormentine de venise
1|tormentine claire
1|tondure de draps
1|toile enciree
1|toile deliee jaulne ou aultre jaulnye avecq de la croye
1|toile deliee
1|toile de cambray
1|toile de bourre
1|toile cottonee
1|testes de cloux de fer
1|testes de cloux
1|terroy merita
1|terres maigres
1|terres grasses &amp; fortes
1|terres grasses
1|terres bolvenes
1|terre susdicte des fondeurs
1|terre maigre de laquelle les fondeurs dartiglerie &amp; de cloches font leur trusseaulx et moules
1|terre legiere
1|terre grise
1|terre grasse rouge
1|terre grasse fine
1|terre fort deliee
1|terre fiens ou terre bourre de laquelle les fondeurs dartiglerie se servent
1|terre emerita
1|terre dumbre
1|terre des potiers
1|terre de quoy ilz font la premiere couche de la chappe de pieces &amp; cloches &amp; toutes aultres pieces
1|terre de laquelle les sarruriers se servent pour braser ou soulder
1|terre cendree
1|terre bourre dont usent les fondeurs
1|terre bourre des fondeurs de grands ouvraiges
1|terre bourre bolvene
1|terre bolvene
1|terre aulcunement areneuse
1|terre argille
1|terre areneuse
1|terre ardille dequoy on faict les tuiles
1|terre ardille blanche
1|terre ardille areneuse
1|terre ardille
1|terre a gainiers ou celle dont les potiers font un blanchiment sur les pots
1|terre Jaulne de potier
1|terra emerita
1|termentine
1|teincture de guesde ou pastel
1|tartre un peu brusle
1|tartre pulverises
1|tartre des grands vaisseaulx
1|tartre de montpellier
1|tartre crud
1|tartre brusle
1|tarte
1|talc pulverise
1|taincture verte
1|taincture tanee
1|taincture du pastel
1|taincture de bresil
1|tainct
1|taignent
1|taffre
1|tableau a huile
1|suye grise du fourneau des argentiers
1|suye grise des sarruriers
1|suye bien pulverisee
1|sumach
1|suin de verre subtilement pulverise
1|suin de verre pulverise
1|suin de porceau
1|suin
1|suif de mouton
1|sucre fort clarifie
1|sucre fondu en eau
1|suc exprime ou leau distilee de lescorce dorenge
1|suc de gaulde
1|suc
1|subtile pouldre de chaulx vive
1|substance de vin
1|stuf
1|storax
1|staphisagrie
1|stagno
1|spat dallemaigne
1|spalt
1|soyes
1|soye deliee
1|soye crue jaulne &amp; naturelle
1|soye crue blanchie a la fumee du soufre
1|soye crue
1|soye creue
1|soye c blanche
1|souldre
1|souldeure
1|souldes
1|souldant
1|soufre vif
1|soubdure fort basse
1|soubder
1|sorbier
1|sols despaigne
1|sols de france
1|solle
1|solfo
1|sire Rouge
1|simple toile
1|seruze
1|senegre
1|sels sublimes
1|sels propres aulx metaulx
1|sel tire de la cendre de choux
1|sel pulverise
1|sel de tartre
1|sel de salicor
1|sel de febvre
1|sel de Cardonne
1|sel commun pulverise subtilement
1|sel commun pulverise
1|sel commun fondu
1|sel armonial
1|sel armoniac pulverise
1|sel appelle de langlois de armonic
1|sel ammoniac
1|segle
1|sayes de porceau
1|savon nœr
1|savon noir
1|savon de venise
1|savon blanc
1|saule
1|saulce espesse
1|saul
1|sapin
1|sanguine pulverisee
1|sanguine claire
1|sang dea Raiec
1|sang de raiye da Rac
1|sang daRage darac
1|sandrax bien pilles
1|sandaraque pulverisee
1|sandarache
1|sandarach
1|sandal
1|salpestre susdict calcine
1|salive espesse quiet blanche qui se tient aulx dents
1|sal armoniaco
1|sal armoniac
1|safir
1|saffran bien baptu
1|saffran
1|sables pulverises et subtilies bien fort sur le porphire
1|sables gras
1|sables forts subtils
1|sables fort subtilies
1|sable un peu grosset
1|sable susdict de plastre brique &amp; alum
1|sable susdict de noyau
1|sable qui te sert a noyau
1|sable qui ha servy
1|sable qui ha servi aulx noyaulx recuits
1|sable qui ha servi aulx moules
1|sable qui ha servi au noyau
1|sable qui ha servi
1|sable qui despouille bien
1|sable pres de mon sol
1|sable pour le b plomb
1|sable pour chassis
1|sable ou il y a y aye du crocum
1|sable naturel
1|sable mouille ou broye avecq eau
1|sable menu
1|sable maigre le recoit mieulx &amp; le suppe que le dense
1|sable maigre delie
1|sable liquide
1|sable le plus subtil que tu pourras
1|sable le plus net qui se puisse trouver pour le cuyvre
1|sable le plus maigre &amp; aride que tu pourras trouver
1|sable humecte
1|sable grossier
1|sable gris de riviere
1|sable frais
1|sable fort brusle
1|sable doulx &amp; subtil
1|sable destrempé
1|sable destrempe pour noyau
1|sable destrampe
1|sable des fondeurs
1|sable de verre commun touteffois le cristallin
1|sable de verre calcine
1|sable de thoulouse
1|sable de riviere
1|sable de quoy les orfevres usent
1|sable de plastre bri matton &amp; alum destrempe
1|sable de pieds de bœuf brusles deulx foys &amp; fort subtilies
1|sable de noyau dalu de gip de lateribus &amp; alume jameni
1|sable de noyau
1|sable de gect venant de mine
1|sable de crocum &amp; dardoise calcinee
1|sable de corp rocher
1|sable de Thoulouse
1|sable commun des orfevres
1|sable commun
1|sable cler
1|sable blanc mai comme du sel et maigre
1|sable blanc impalpable
1|sable blanc
1|sable a recuire
1|sable a mouler fleurs &amp; feuilles &amp; choses delicates
1|sable a mouler
1|ruta
1|ruby balay
1|rubi
1|rousine purifiee
1|rousine pulverisee
1|rousine fondue fort delayee et claire
1|rouille de fer
1|rouges de mine
1|rouge dallemaigne
1|rouge cler
1|rostie au bœurre
1|rostie au beurre
1|rosine
1|rosette liquide de bresil
1|rosette de gand
1|rosette de bresil
1|roses
1|rose de gand
1|rose alexandrine
1|roquaille
1|rocher
1|roche
1|rheubarbe des moynes
1|retailles de cuivre que font les chaudroniers
1|resine noire
1|resideure du vinaigre commun
1|realles
1|realgar
1|ratisseures de parchemin
1|rascleures des moules
1|rappe aigrie
1|racine dorme
1|racine dherable
1|racine de pæonia
1|racine de pied de veau
1|racine de lapathium acutum majus
1|racine de jeune orme
1|racine de guimave
1|racine de cucurme ou terra merita
1|racine de consolida maior pilee
1|queues de pourrceaulx
1|queue de cheval
1|quarton
1|quarte
1|quarreau
1|purpurina
1|purpurin
1|pulverin
1|prunelles de buissons
1|pruneaux de Sainct Antonin
1|premiere substance de vin
1|premiere eau
1|prele
1|poys
1|pouldres
1|pouldre ordinayre de canon
1|pouldre dudict tripoly
1|pouldre dudict plastre
1|pouldre doribus
1|pouldre dor ou dargent
1|pouldre dor
1|pouldre desmery
1|pouldre de plastre
1|pouldre de pierre ponce
1|pouldre de marchasite
1|pouldre de croye
1|pouldre de charbon de saule
1|pouldre de charbon
1|pottee
1|potirons des arbres
1|potin de seringue
1|potee desmery
1|porfidio
1|ponce pulverisee
1|pommes de Mandragore
1|poix resins resine
1|poix resine claire
1|poix resine
1|poix fine
1|poix de rousine
1|poirier
1|poinctes de fer
1|poinct argent fin ains allie
1|poils de rat
1|poil de queue de gris
1|poil de pourceau
1|poil de porc
1|poil de menue gris
1|poil de la queue de gris
1|poil de la queue de cheval
1|poil de bourre subtil tamise
1|plus vieux ♁
1|plus obscur sang de dragon
1|plus nœufve cire
1|plus fort vinaigre
1|plus fin metal quon puysse trouver
1|plus cler huile de noix
1|plumes de porc espic
1|plumes
1|plume de perdris
1|plombs
1|plombeux
1|plombeus
1|plombes
1|plomberies dorees
1|plomb nœuf &amp; non sophistique
1|plomb noir de saulmon
1|plomb neuf
1|plomb lime
1|plomb le plus noir se disent aulcuns est le meilleur &amp; le plus doulx &amp; qui coule mieulx
1|plomb fondu
1|plomb fin et noeuf
1|plomb fin &amp; nœuf
1|plomb de flandres
1|plomb brusle
1|plomb allie destain
1|plomb allie
1|platenes de cire de liege &amp; de boys
1|plastre recuit
1|plastre pulverise &amp; recuit
1|plastre gris transparent nest pas fort Mays celuy est bon qui estant destrempe est blanc
1|plastre gras
1|plastre fort
1|plastre de paris
1|plastre cuit
1|plastre cuict
1|plastre cru broye
1|plastre commun
1|planches de plomb &amp; cuivre
1|planche de verre
1|pix græca
1|pituite
1|pissast
1|pilulle de præcipite
1|pierrete de borras pulverisee
1|pierres taillees a faces et a plain
1|pierres tai gravees
1|pierres faulces
1|pierres faictes deau
1|pierres dequoy se font les coulx ou filieres des barbiers
1|pierres de tuf
1|pierres de filieres
1|pierres blanches faulces
1|pierre vive
1|pierre syderite
1|pierre pulverisee
1|pierre porte morte
1|pierre ponce calcinee &amp; pulverisee
1|pierre noire
1|pierre de mabre
1|pierre dIstre
1|pierre blanchastre
1|pierre a fœu
1|pieces dor
1|petits grains de ☿
1|petites peaulx daigneaulx et chevreaulx fort deliees
1|petite pouldre
1|petite paillete dor
1|petit
1|persicaire
1|pers de fleurs de fleuree ou de Flandres
1|pers
1|perles jaulnes
1|perle
1|pensee
1|pelures de figuier
1|pelottes de gemme
1|pelottes
1|pegue
1|peau des noix
1|peau de mouton
1|peau de moulue
1|peau de lievre
1|peau de chien de mer
1|peau de chat
1|pavot rouge
1|pate pour faire bignetz
1|pastes
1|pastel pur descarlatte
1|paste desmail broye
1|paste de farine
1|parfum
1|parfaict sable pour le chassis
1|pareures des pieds de mulots
1|parchemin subtil
1|parchemin espes
1|parchemin chaufe
1|pappiers
1|papiers
1|papier simple
1|papier pille
1|papier pile
1|papier escript
1|papier de trasse noir brusle
1|papier de trasse brusle
1|papier de la fort comme de grands livres imprimes
1|papier de florence
1|papier colle sur le quarton
1|papier colle
1|papier cire
1|papier argente &amp; bruny
1|papier acache
1|palma christi
1|paincture
1|pain sucre
1|pain chault
1|paille subtile
1|paille allumee
1|ozier
1|ouzier entre bien sec
1|otnegra
1|ostie trempee de vin
1|os spongieulx
1|os pulverise
1|os grandelets
1|os dhomme
1|os des animaulx
1|os de pieds de mouton
1|os de pieds de bœuf fort brusle &amp; pulverise
1|os de pieds de bœuf fort brusle
1|os de pied de bœufs brusles
1|os de pied de bœuf brusle pulverise
1|os de peche
1|os de cheval brusles &amp; calcines
1|os de cerf
1|os calcines de lanimal
1|os blanc
1|orpiment mesle
1|orpiment en fœille
1|orme
1|orge
1|ore Jaulne
1|oranges
1|or sur mat
1|or moulu
1|or fin non alie
1|or et largent fondus
1|or esp battu tanvre
1|or en feuille
1|or en doreure
1|or de souldure
1|or de rheim
1|or de pistolet
1|or de paillelle
1|or de fœuille
1|or amalgamé
1|or aigre fondu
1|or Moleu
1|or &amp; argent en fœille
1|opiate
1|onguent blanc &amp; doulx
1|ongle
1|oignon
1|ognions
1|ocre &amp; un peu de jaulne
1|nœuds de sapin
1|noyer
1|noyaux de pesches
1|nouvelle eau
1|noix communes seiches
1|noix
1|noisettes
1|noir mediocrement espes
1|noir de couperose
1|noir de charbon de mine
1|noir de chandelle
1|noir a noircy
1|noir a noirci
1|nel
1|negro di resina
1|navette
1|naturel
1|nacre de perle
1|mœlle de los
1|mœlle de corne de bœuf bruslee
1|mœle des cornes des bœufs
1|moyeulx
1|mouton
1|moullee du grais
1|moullee
1|moulee
1|mortier de chaulx
1|molee des gros ciseaulx &amp; grands cousteaulx
1|moisissure
1|moicties de poix bien ronds
1|mitraille
1|minium seul vitrifie
1|minium peu broye
1|millet
1|miette de pain
1|miette
1|mie de gros pain
1|mie
1|metaux
1|metaulx broyes
1|metaulx alies
1|metal qui est matiere de cloche
1|metal gros
1|metal gras
1|metal fin de la grosse cloche
1|metal duquel les cloches se font
1|metal de petites cloches
1|metal de grosse cloche
1|metal aigre vient mieulx que le gras
1|mesle de verre
1|meschant linge
1|meschant drap
1|mercure congelle
1|mercure arreste
1|menus brins de cotton
1|mellis communis
1|mellis
1|meillleur acier &amp; fer
1|meilleure pouldre dharquebus
1|mauvais sable qui nest que de plastre &amp; brique &amp; peu mesle dalum
1|matton
1|matiere des pieces
1|matiere de trebuschets
1|matiere de pœlone
1|matiere de poilonne
1|mastique
1|masticq
1|mastich pulverises subtillement
1|mastic subtillem pulverise
1|mastic pulverise &amp; passe subtillement par un tamis
1|mastic &amp; arrabeic deux onces de chascun qui soit bien broye tous deux
1|marquasite doree &amp; jaulne subtillement pulverisee
1|marchasites sulfurees
1|marchasites blanches &amp; jaulnes
1|marchasites
1|marbre poly
1|manganese
1|mache de fer pulverisee &amp; subtiliee
1|mabres
1|mabre commun
1|mable
1|lye de vin
1|luttes
1|luther
1|luth de plastre qui ha servy aulx moules
1|lutes
1|lutee
1|lut
1|lumbris
1|lopins des moules
1|lopins aussy des moules qui ont servy
1|litarge
1|liste de toile large
1|liste de fer
1|liste de bouquaran
1|lingot dor
1|linges
1|linge rude
1|linge ou fœultre brusle
1|linge blanc
1|limailles
1|limaille rouillee
1|limaille dor
1|limaille destain et plomb
1|limaille de talc ou despingle
1|limaille de letton cuivre menue due lantimoyne du sublime Subtilement pulverises
1|limaille de letton
1|limaille de fer ou despingle
1|limaille de cuivre
1|limaille dacier &amp; daiguilles
1|limailhe de fer
1|limailhe de Fer
1|ligue de teston
1|lie de vin
1|letton refondu
1|letton pur de trebuschets
1|letton jaulny
1|letton estame
1|letton doulx de pœlonne
1|letton de refondu
1|letton de poilons ou lon faict la bouillye des petits enffans
1|letton de chandeliers
1|letton de chandelier
1|letton de bassine
1|letton aigre de chandelier
1|lessive de chaulx vive
1|lessive de chaulx
1|lescaille
1|le plus fin acier
1|le plus excellent sable qui se puisse trouver pour plomb estain cuivre argent &amp; or
1|laveures des pinceaulx a huile
1|larde de girofle
1|lard
1|laque ronde
1|laque pour rouge plus tost faict
1|laque platte dinde
1|lapathum acutum
1|lamines fort tanvres de plomb
1|lamine de cuivre ou letton
1|lames de plomb
1|lames de fœilles de pierrerie
1|lames de cuivre
1|lames dargent
1|lame subtile de plomb
1|lame dargent fort tanvre
1|laitton fort jaulne
1|laitton fin de cassole
1|laitton doulx
1|laitton de potin
1|laines a gros poil
1|laictues fort hachees
1|laicton tant jaulne
1|laicton aigry par la calamine
1|laict de femme
1|la paste du pain
1|just de citron ou dorange
1|just de cerises noires
1|just
1|jus dorange
1|jus de cerises noires
1|jayet
1|jaune dœuf
1|jaulnes
1|jaulne dœufs
1|jaspe grumeleux
1|jarus
1|jacinthe orientale
1|jacinthe
1|ivoyre brusle
1|iraigne
1|incarnadine
1|immundices
1|immundice
1|hurinne
1|hurine
1|huitres bruslees
1|huille dolive
1|huille de perolle petrolle
1|huille de noix
1|huille damendes
1|huilees
1|huile tingente
1|huile sur le daspic
1|huile que de noix
1|huile ou dolive noix ou pour mieulx daspic
1|huile non daspic mays dun aultre odorant qui semble huile dolif
1|huile noire
1|huile dolive de noix
1|huile dolive
1|huile dolif de froment
1|huile de tourmentine fine
1|huile de tourmentine claire &amp; blanche
1|huile de tourmentine blanc
1|huile de tormentine ou daspic
1|huile de tormentine
1|huile de tartre
1|huile de soufre recent &amp; bon
1|huile de soufre &amp; de tourmentine
1|huile de petrol
1|huile de noix clair
1|huile de noix blanche
1|huile de lin non bouilly
1|huile de jacob
1|huile de grene de palma christi
1|huile de girofle ou canelle
1|huile de fleur
1|huile de cire
1|huile de brique
1|huile de ben
1|huile daspic &amp; ou de tourmentine
1|huile commun
1|huile blanc de tourmentine
1|hiebles
1|herbe qui croist par les hayes qui ha la tige semblable au lin la fœuille longue &amp; large comme menue buglose qui ha la fleur violette tirant au bleu &amp; faicte comme la fleur du lys
1|herbe pillee qui sappelle semperviva
1|herable
1|hebene
1|grosse tourmentine commune
1|grosse fisselle
1|gros os
1|gros fil de fer
1|gros drap
1|gros dets dacier
1|gros caneva
1|gris descaille
1|gresse de porceau
1|gresse
1|gres
1|grenats
1|gravier
1|gravelle
1|grands pains nouvellement tires du four
1|grandes verrieres
1|graisse de porc
1|graise de jeune chevreau
1|grains dor
1|grains de poyvre
1|grains de bled
1|grains
1|graine de vers de soye femelle
1|graine de moustarde
1|graine de lettue
1|graine de grand passevelours
1|graine de chou navette
1|graine de chenevi
1|grain metallic
1|grain de mil jaulne
1|grain de mil bouilly
1|grain de mil
1|grain de bled
1|gousses dail pelees
1|gousse dail
1|goume
1|gommes de medecine
1|gommes
1|gomme de sandaraque en pouldre
1|gome
1|glaire dœufs bien battue
1|glaire dœufs battue
1|glaire dœufs
1|glaire dœuf sechee
1|glaire dœuf passe par lesponge
1|glaire dœuf fort battue
1|gip mat
1|gip de lateribus
1|gentiane en pouldre
1|gemme fondue
1|gemme
1|gelee
1|geiette
1|geiete
1|gaulde
1|gallipot
1|fœuilles de vigne
1|fœillet escript
1|fœilles fresches
1|fœilles dolivier
1|fœilles de soucy a demy seiches &amp; retorses comme un fil
1|fœilles de mœurier blanc
1|fœilles de mauves &amp; de viole
1|fœilles de lierre
1|fœilles &amp; lames dargent
1|fœille destaing
1|fœille destain
1|fœille de topasse ou une dor ou dargent
1|fœille de sauge
1|fœille de reforts
1|fœille dargent
1|fustict
1|funges
1|fumoient
1|fumier chauld
1|fumees de la calamine
1|fumees
1|fumee dune chandelle de suif
1|fumee du soufre
1|fumee du safre
1|fumee de soufre
1|fumee de perdrix ou de drap rouge ou jaulne
1|fuma
1|fruits
1|fruit
1|froment
1|fromage
1|fresiller
1|fresil
1|foye ou poulmon de bœuf ou moutton
1|fourmis avecq de la terre
1|fortes chevilles de fer
1|fort petit de mie de pain
1|force fumees
1|fonte
1|floret
1|flin
1|fleurs de pastel
1|fleur seiche
1|fleur ou fœille naturelle
1|fleur de pastel
1|fleur de genest
1|fleur de froment
1|fleur de buglose
1|fine rosette de per chauldronier
1|fine rosette
1|fine pouldre dharquebus
1|fine laque platte
1|fin sable de gect
1|fin or
1|fin metal
1|fin laitton
1|fin estaing
1|fin cuivre
1|fin boli armeni
1|fils de fer
1|filoselle
1|filons de cire
1|filets
1|filet noir
1|filasse bien doulce
1|fil noir
1|fil du propre metal
1|fil dor &amp; dargent fin &amp; faulx
1|fil delie de letton
1|fil de letton blanchy
1|fil de laitton
1|fil de fer recuit
1|fil de fer ou de letton
1|fil de fer ou dacier
1|fil de fer letton
1|fil de fer chault
1|fil de chanvre
1|fil darchal ou de fer
1|fiente mesme de brebis
1|fiente de vache
1|fiente de cheval seche
1|fiente de cheval bruslee
1|fiel
1|fiante de cheval
1|fian de cheval
1|feutre moufle &amp; espes
1|feultre de chappeau brusle
1|feultre aussy fort brusle
1|ferro
1|ferri
1|ferremens
1|ferlin
1|feraille
1|fer fort doulx
1|fer commun
1|fer bien net &amp; poly
1|fer asses fortettes
1|fer aigre
1|fer acerre
1|felinder
1|febve
1|fayan
1|farine destrempee
1|farine de Segle
1|excellent sable pour mouler en chassis qui se puisse trouver
1|estoupes
1|estein
1|estamure faycte de fœille
1|estamure
1|estamine de soye crue
1|estamine de soye
1|estamine bien claire
1|estamine
1|estamer
1|estamees
1|estaing fin
1|estaing est fin
1|estaing doulz
1|estaing douls
1|estaing de Glasse
1|estaing Cacides
1|estain pur ou ou le plomb pur
1|estain mesle
1|estain doux
1|estain dou aigre
1|estain de glas
1|estain de cloche
1|estain dangleterre
1|estain commun
1|estain allie de plomb
1|estain alie
1|estaimg
1|estaim pur &amp; fin
1|estaim est bas
1|estaim doux
1|estaim doibt estre pur
1|estaim bien peu allie de plomb
1|estaille de fer
1|espricts
1|esmeril pulverise
1|esmeril
1|esmeri
1|esmeraldes de Brissac
1|esmauls
1|esmails
1|esmaillee
1|esmailer
1|esmail rouge cler
1|esmail recuit
1|esmail de gueule
1|esmail colombin
1|esmail blanc
1|esmail azure fort cler
1|escume du vin
1|escume de lurine
1|escume
1|escrevisse
1|escorce de figuier
1|escorce aussi confite
1|escailles dargent pur &amp; dargent dore
1|escaille des chancres &amp; escrevisses
1|escaille de fer fort subtillem broyee
1|escaille de fer fort broyee
1|escaille
1|erny Rouge
1|enthimoyne
1|encre dimprimeur
1|encens
1|embouer
1|emaulx
1|ebene
1|eaulx marines
1|eaulx forts
1|eaulx des susdicts sels
1|eaulx de vye
1|eaue fort
1|eaue despuis
1|eaue des orfevres
1|eaue de pluye
1|eaue de gomme
1|eaue de gaulme bien clair
1|eaue de courroieur
1|eaue de Gome
1|eaue dalung
1|eaue
1|eau vye
1|eau vielle des mareschaulx
1|eau trouble &amp; nette
1|eau trouble
1|eau tiede legerement
1|eau taincte
1|eau si chaulde
1|eau regale
1|eau qui ne bouille gueres
1|eau quelque fois froide
1|eau panee
1|eau nette
1|eau mucilagineuse
1|eau mediocrement salee
1|eau gommee ou pure
1|eau fresche
1|eau fort peu tiede
1|eau fort de vitriol
1|eau fort commune
1|eau fort bonne
1|eau du bullitoyre
1|eau dfort
1|eau des baings sulphures
1|eau de vye commune
1|eau de vye bonne
1|eau de viye
1|eau de vigne
1|eau de vie
1|eau de tartre
1|eau de sublime
1|eau de sel armoniac parmy la commune
1|eau de sel Armoniac
1|eau de scabieuse ou buglose
1|eau de ruche de miel
1|eau de roche
1|eau de ret colle de retaille
1|eau de pluye
1|eau de la pone
1|eau de graine de coings bouillie
1|eau de goume
1|eau de glaire dœuf
1|eau de fontayne
1|eau de fontaine
1|eau de cisterne
1|eau de Gomme
1|eau damydon
1|eau damidon
1|eau corrosive
1|eau commune de fontaine
1|eau coloree
1|eau clere damydon
1|eau clere
1|eau bonne de fontaine ou de riviere
1|eau blanchie
1|eau bien gommee
1|eau beniste
1|du noyr de courroieur
1|drapt vert
1|draps de soye
1|drappeau
1|drap noir
1|drap blanc
1|drap
1|dragant
1|doré
1|doreure du verre
1|dorent
1|dictam
1|diamants
1|destonnement
1|destaing
1|desmail de gueule
1|desgraisse
1|des chemins sablonneulx deseiches par le soleil
1|decoction dabsinthe
1|de soufre
1|dazur desmail
1|dardille
1|damasquine
1|dalung de glace
1|cœur de mouton hache
1|cœur de mouton
1|cuyr simple comme de vache ou marroquin
1|culs de crusols
1|cuivre rouge pur de chaudronou dautres ouvrages tanvres
1|cuivre rouge &amp; doulx de chauldron
1|cuivre franc
1|cuivre fondu
1|cuivre et latton fondu
1|cuivre de rosette
1|cuivre de chauldron
1|cuir nœuf
1|cuir noir
1|cuir gras
1|cuir dore
1|cuir de veau ou de mouton
1|croye seiche
1|croye de champaigne
1|croutte
1|croute de pin
1|croustes de pain
1|crouste
1|crostes de pain
1|crocum ferry
1|cristallin calcine &amp; broye
1|cristallin calcine
1|cristallin broye
1|cristalin
1|cramoisi
1|coux
1|coutoien
1|coupperose blanche
1|coupperose
1|couperoses
1|couperose verte
1|couleurs a vernis
1|couleurs a tourmentine &amp; mastic
1|cothon musque
1|coston
1|coryal
1|corne de lanternes
1|corne de lanterne bien claire
1|cornalines
1|cordette
1|cordes despinettes
1|cordes de cistre
1|corde
1|corail blanc
1|coquilles dhuistres calcinees
1|coquilles
1|coquille dœuf
1|coquille
1|copperoze blanche
1|copperoze
1|copperouse
1|coperose
1|consolida maior
1|conserve de symphitum
1|composition dicelles
1|composition destaim &amp; de letton fin
1|compactile ferrum
1|commune terre
1|commun bullitoyre
1|colophonie
1|colophoine
1|colombine
1|colleras
1|collent
1|colle farine
1|colle de retaille
1|colle de paste
1|colle de partenay ou parchemin
1|colle de menusier
1|colle damydon
1|colle claire
1|colle bien blanche
1|colla
1|cochenille
1|cloux de rosette
1|cloux de girofle
1|cloux de charrette
1|clous de charrette
1|clous
1|clou
1|clinquant
1|cirop de guindoles doulces
1|cirop de capilli veneris ou de confitures
1|cires
1|cire verte
1|cire treschaulde
1|cire transparente
1|cire nœufve
1|cire noire pour esbaucher
1|cire noire meslee de soufre
1|cire gommee a esbaucher
1|cire gommee
1|cire fort chaulde
1|cire fondue fort chaulde
1|cire esb a esbaucher
1|cire dure
1|cire coloree
1|ciment real
1|ciment dorfevre
1|chose combustible
1|chimolee cuitte
1|cher de mouton cru
1|chenevi
1|chaulx vive subtillement pulverisee
1|chaulx diceulx
1|chault vive
1|chault vifve
1|chastaignes
1|charbonnes
1|charbon susdict pulverise
1|charbon pour poncer
1|charbon pile &amp; subtillement passe par un linge ou manche
1|charbon pile
1|charbon de saule pulverise
1|charbon de pierre
1|charbon de noyau de pescher
1|charbon de bois dous
1|charbon chault
1|chandelle de cire
1|chair delicate
1|chair bien hachee avecq du jaulne dœuf dur
1|chair &amp; lœuf
1|cgrasse jaulne
1|ceulx de pied de bœuf
1|cerusse
1|ceruse ou blanc de plomb fort subtillement broye
1|ceruse fort broyee
1|ceruse blanc de plomb
1|ceruse bien broyee
1|cendres de papier
1|cendres de noyer ou de vigne
1|cendres dazur
1|cendree tamisee
1|cendree dazur
1|cendree
1|cendre destrempee
1|cendre de la cire
1|cendre de feugiere
1|cendre criblee
1|cendre commune
1|cendre blanche de tout boys
1|celuy qui se trouve en une vigne de puy david
1|celuy du touch pres de Sainct Michel &amp; vers blagnac En une vigne qui est bien haulte
1|celuy des mine
1|celuy de saule
1|celuy de parys &amp; despaigne
1|celuy de mine
1|celuy de letton
1|celuy de latton
1|celuy de la mer
1|celuy de chaisne ou fayan
1|celuy blanc que v en pouldre que vendent les apotiquaires
1|celle des cousteliers
1|celle de froment
1|celle de champaigne dont usent les painctres
1|celle commune tendre qui tombe soubs lenclume
1|carton simple
1|carton commun
1|cartes
1|cartels
1|cartel
1|caput mortuum
1|canulles desmail
1|canevas
1|canelle
1|camphre
1|calamine crue &amp; pure pulverisee
1|cailloux de riviere noirs calcines
1|cailloux de charrette
1|caillous noirs de riviere calcines
1|caillous calcines
1|caillous blancs qui se trouvent par les rivieres &amp; parmy le sablon &amp; les chemins qui sont aulcunement transparents
1|caillou a fœu
1|bœuf
1|bullitoire
1|buee
1|bruyeres
1|bruiere
1|broullaminy
1|brouet de puree
1|bronzer
1|brique recuicte
1|brique fort broyee
1|brique blanchastre
1|brins de foing ou de paille
1|brin de lin
1|brassier
1|branches de bruyeres
1|branche despine
1|branche de Santonique
1|boys dur
1|boys derable
1|boys de flesches de turquie
1|boys de figier
1|boys de buy
1|boyau de poulet
1|boutteure doulce
1|bouts de chesne
1|bourre descarde
1|bourre dequoy les fondeurs se servent pour gecter leurs canons
1|bouquaran
1|bouillon de poulet
1|bouillon
1|bougie
1|boufain
1|boue
1|borras moulu
1|bons sables
1|bonnes cendres
1|bonne pouldre grenee
1|bonne pouldre
1|bonne limaille
1|bonne lessive
1|bonne eau de vie
1|bonne craye bien blanche bien broyee
1|bonne chaulx vive
1|bonne chaulx
1|bon vernilhon
1|bon sang de dragon
1|bon sable
1|bon minium non sophistique de brique
1|bon luth
1|bon estain
1|bon alum de plume
1|boli armeniae
1|bol de levant
1|bol armen
1|boix douls
1|bois nœuf
1|bois fantasques
1|bois de cormier
1|bled en farine
1|bled de froment
1|blanc dung œuf
1|blanc dung oeuf
1|blanc dhuile dœufs
1|blanc de ceruse
1|bitum
1|billots
1|billon
1|beurre frais fondu
1|belle peau de veau
1|bave
1|basane
1|bas argent
1|barres de fer
1|barbes des plus vieulx rats
1|barbe des fouines &amp; bellettes &amp; petits animaulx qui font le musc
1|balottes
1|balaustes
1|baccis juniperi
1|azur en corps
1|azur commun
1|axunge
1|aux
1|aureas
1|aultre vapeur
1|aspalthe
1|aspalte est qui se trouve en Allemaigne
1|aspalte brusle
1|aspalt
1|arsenic sublime
1|arsenic jaulne
1|arsenic blanc
1|arsenic &amp; deulx foys aultant de tartre crud grossierement pulverises
1|arrabeic
1|armoniac
1|argille
1|argent vif arreste
1|argent sophistique
1|argent recuit recuit
1|argent pur
1|argent pou vif
1|argent plus fin que la ligue du capital et comme de realle
1|argent monnoye
1|argent fin
1|argent de teston
1|argent de real
1|argent de fœille
1|argent de billon
1|argent de Capitale
1|argent commun
1|argent bruny
1|argent bien fondu
1|argent allie est meilleur pour gecter que le fin
1|ardoise subtillement pillee
1|ardoise pilee
1|ardille sabloneuse
1|ardille fort doulce
1|ardiles
1|ardides
1|arcenic sublime
1|arcenic jaulne
1|arabic
1|antymoine
1|antimoine rubifie
1|antimoine pulverise
1|anthos
1|anthimoyne
1|amydon dangleterre
1|ametiste
1|amendes pelees
1|amendes
1|ambre transparent
1|ambre pulverise
1|ambre jaulne fort pulverise
1|ambre gris
1|ambre blanc
1|amande
1|amalgame
1|alœ fin
1|alung de Glace
1|alung daraucqde Roc
1|alun de glace
1|alume jameni
1|alum destrempe
1|alum de roche
1|alum de plume recuit
1|alum de plume pur recuit &amp; pulverise
1|aloe
1|albastre pulverise
1|aigre
1|aes ustum pulverise et subtilement broye
1|aes ustum broye
1|acier rompu
1|acier purifie
1|acier non trempe
1|acier fort uny &amp; bien lime
1|acier fin
1|acier de damas
1|aceto
1|absinthe en pouldre
1|Vinaigre
1|Vin diversifie et transmue
1|Vin
1|Verre de vitriers
1|Verny
1|Vernis vert
1|Vernis jaulne
1|Vernis dhuile daspic
1|Vernis des graveurs sur le fer
1|Vernis de mastic
1|Vernis blanc
1|Vernilhon
1|Vermeillon
1|Velours
1|Tuiles
1|Tormentine
1|Theriaque
1|Terre graisse
1|Terre fondue des potiers
1|Terre des fondeurs
1|Terre de gect pour les fondeurs
1|Terre ardille
1|Terre
1|Terra emerita
1|Tartre crud
1|Talc
1|Taincture de fleurs
1|Taincture
1|Suin de verre
1|Suif doreille
1|Sublime
1|Spalt
1|Soye
1|Souldure
1|Soulder
1|Soufre
1|Sire blanche
1|Sel gros commun fondu
1|Sel gemme
1|Sel
1|Sanguine
1|Sang des serpens
1|Salpestre
1|Sal gemme
1|Safran
1|Sables experimentes
1|Sable qui ha servi
1|Sable pour le plomb
1|Sable pour gecter en or
1|Sable pour fleurs
1|Sable naturel
1|Sable mineral
1|Sable excellent pour plomb estain et cuivre
1|Sable dos de bœuf brusle et sal gemme
1|Sable des telines et moules de riviere
1|Sable de sel gemme pulverise
1|Sable de mine blanc des verriers
1|Sable de mine
1|Sable de gect
1|Sable de crocum
1|Sable de Thoulouse
1|Sable commun de mine
1|Sable blanc maigre
1|Rouge cler
1|Rouge clair
1|Rosette
1|Rocher
1|Relute
1|Purpurine
1|Pouldre
1|Potin
1|Pierreries
1|Pierrerie
1|Pierre ponce bruslee &amp; calcinee
1|Perles
1|Pastel
1|Papier
1|Os de seiche brusles &amp; calcines
1|Os de seiche
1|Os de pied de beuf pour sable
1|Os
1|Orpiment
1|Or mat
1|Or fin
1|Or et argent moulu
1|Or bas dallemaigne
1|Or Moulu
1|Ocre jaulne
1|Ocre
1|Noir
1|Minium
1|Millas
1|Metal
1|Mercure
1|Masticq
1|Magistra
1|Lutte
1|Limaille des metaulx
1|Limaille de fer
1|Limaille de cuivre fin
1|Limailhe despaingle
1|Lescaille de fer
1|Le sable de quoy les orfevres usent les esmaulx ou le blanc dont usent les verriers
1|La jaulne
1|Jaulnes dœuf
1|Jaulnes deouf
1|Jaspe contrefaict
1|Jacinthe
1|Huille daspic
1|Huiles dessence
1|Huile tingente
1|Huile gras
1|Huile de tourmentine
1|Huile de tormentine
1|Huile de graine de navete
1|Huile de gayac &amp; de soufre
1|Huile daspic
1|Huile dantimoine
1|Huile blanc somnifere
1|Herbes
1|Guesdre
1|Gros vernis
1|Grais
1|Goumiche noyre
1|Gomme armoniac
1|Gomme aRabic
1|Glaire dœufs
1|Gaulme arrabic
1|Garante
1|Galipot
1|Fœilles pour le les pierreries
1|Fumee de letton
1|Fumee de chandelle
1|Farine
1|Excellente moustarde
1|Excellent sable
1|Estain de glace
1|Estaim fin
1|Estaim de glace
1|Esmeraulde
1|Esmauls
1|Esmail blanc
1|Escorce doranges
1|Escaille de fer
1|Eeau de sel armoniac
1|Eaulx coulourees
1|Eaue fort
1|Eau pour le mal des yeux
1|Eau de sel armoniac
1|Eau
1|Drap damasse
1|Dorer
1|Dore
1|Diamants contrefaicts
1|Destrempe
1|Cuyvre
1|Cuivre
1|Croons
1|Crapaudine
1|Couleur
1|Coral contrefaict
1|Coquille de fer huitre calcinee
1|Colle
1|Cires
1|Cire dure
1|Ciment royal
1|Chimolee
1|Charbon de sarment
1|Ceruze
1|Cendres de paille de seigle
1|Cendre de serment
1|Cendre
1|Celuy qui est blanc leger comme une esponge
1|Celle dor
1|Celle de champaigne
1|Celle dargent
1|Carne
1|Canelle
1|Caillous
1|Boys pourry
1|Bougie
1|Bois madre
1|Blanchiment
1|Bistre
1|Azur desmail
1|Aspalte
1|Argent plombeus
1|Argent dore
1|Aquae fabrorum antiquae
1|Antimoyne
1|Ambre jaulne
1|Alum de plume
1|Albastre calcine
1|Acier de damas
1|Acier
1|Acetum
1|(germe)
